mean_mfcc_1,mean_mfcc_2,mean_mfcc_3,mean_mfcc_4,mean_mfcc_5,mean_mfcc_6,mean_mfcc_7,mean_mfcc_8,mean_mfcc_9,mean_mfcc_10,mean_mfcc_11,mean_mfcc_12,mean_mfcc_13,std_mfcc_1,std_mfcc_2,std_mfcc_3,std_mfcc_4,std_mfcc_5,std_mfcc_6,std_mfcc_7,std_mfcc_8,std_mfcc_9,std_mfcc_10,std_mfcc_11,std_mfcc_12,std_mfcc_13,label
-683.3114,-33.868816,-154.6793,49.00772,81.76788,-31.011202,-5.0577927,9.028719,5.1126213,5.6006265,15.227318,-12.2642355,5.9053698,132.02968,50.490314,55.875706,50.649773,57.000896,31.999043,30.177692,25.969812,24.36758,23.275461,20.109774,20.25914,18.376482,Whistle
-448.86206,41.43498,-38.410748,-10.631449,-2.8969452,22.309235,5.766032,17.066694,3.8291144,6.456561,1.1242564,7.099175,0.088490754,28.114222,19.401077,10.874243,10.643597,10.311187,6.547864,5.700065,4.4189878,4.5812173,3.6159616,3.3493824,2.9812393,3.0005555,Click
-734.115,-138.80743,-125.154,-5.3272347,-15.895128,5.063563,11.241536,8.271388,0.36775473,-2.719814,2.0238662,3.509881,1.1045207,113.1699,70.86,86.47964,65.71351,36.548492,39.121346,28.520689,19.73054,19.076578,18.311838,13.869129,14.2265005,14.328797,Burst Pulse
