{"loss": [1.7434481667048896, 1.5344966881310762, 1.3723964780124265, 1.269056297060269, 1.1831352515007132, 1.1007311842334804, 1.0405568080161935, 1.006986092275648, 0.9549629981838056, 0.9455788767159875, 0.910078972133238, 0.9125344486378911, 0.8805247242770978, 0.8850350922613002, 0.8442683646928019, 0.8355628083001322, 0.8181722315389719, 0.8054337821789642, 0.8227379179712552, 0.817332211715072, 0.7976961153656689, 0.8098333798237701, 0.7972973611817431, 0.7701357353979082, 0.7859952867920719, 0.7672527076593086, 0.736109152213851, 0.7723757286569966, 0.7199785865064877, 0.7473027332505183, 0.7403719291758182, 0.7571976264910911, 0.7754438368242178, 0.7396488002876738, 0.757961665516469, 0.7206296453725046, 0.7084791215498056, 0.7167831757175389, 0.7031442460729115, 0.6916451503091784], "val_loss": [], "accuracy": [0.38425271098538427, 0.5803866100895804, 0.6789250353606789, 0.7218293257897218, 0.7444601603017444, 0.7845355964167845, 0.7944365865157944, 0.8104667609618105, 0.8165959453088166, 0.8236680810938237, 0.834983498349835, 0.8326261197548326, 0.8467703913248468, 0.8434700612918434, 0.8528995756718529, 0.8665723715228666, 0.8708156529938709, 0.85997171145686, 0.8604431871758604, 0.8731730315888732, 0.8708156529938709, 0.8675153229608675, 0.8665723715228666, 0.8778877887788779, 0.8769448373408769, 0.8882602545968883, 0.8953323903818954, 0.8769448373408769, 0.8962753418198963, 0.8844884488448845, 0.8863743517208864, 0.8873173031588873, 0.8882602545968883, 0.892032060348892, 0.8826025459688827, 0.9042904290429042, 0.9005186232909005, 0.901933050447902, 0.9042904290429042, 0.9108910891089109], "val_accuracy": []}